№;Станция;Линия;Первый кадр;Последний кадр;Кадров;Уверенность
1;Потапово;1;05:31;05:47;7;средняя
2;Новомосковская;1/16;05:53;05:54;3;высокая
3;Ольховая;1;05:56;05:56;1;высокая
4;Прокшино;1;05:59;05:59;2;высокая
5;Филатов Луг;1;06:02;06:02;1;высокая
6;Саларьево;1;06:06;06:07;4;высокая
7;Румянцево;1;06:09;06:09;1;высокая
8;Тропарёво;1;06:12;06:12;2;высокая
9;Юго-Западная;1;06:15;06:18;2;высокая
10;Проспект Вернадского;1/11;06:21;06:21;1;средняя
11;Воробьёвы горы;1;06:24;06:25;4;средняя
12;Спортивная;1;06:27;06:27;1;высокая
13;Фрунзенская;1;06:31;06:31;1;высокая
14;Парк Культуры;1/5;06:34;06:34;2;средняя
15;Кропоткинская;1;06:36;06:36;2;средняя
16;Библиотека имени Ленина;1;06:37;06:37;2;средняя
17;Охотный ряд;1;06:39;06:39;1;средняя
18;Лубянка;1;06:41;06:41;3;средняя
19;Чистые пруды;1;06:45;06:45;2;средняя
20;Красные Ворота;1;06:49;06:49;2;средняя
21;Комсомольская;1/5;06:53;06:53;1;высокая
22;Красносельская;1;06:55;06:55;2;высокая
23;Сокольники;1/11;06:59;06:59;1;высокая
24;Преображенская площадь;1;07:02;07:03;3;высокая
25;Черкизовская;1;07:06;07:06;2;высокая
26;Бульвар Рокоссовского;1/МЦК;07:08;07:08;2;высокая
27;Черкизовская;1;07:12;07:12;1;высокая
28;Щёлковская;3;07:34;07:34;1;высокая
29;Первомайская;3;07:39;07:39;1;высокая
30;Измайловская;3;07:42;07:42;1;высокая
31;Партизанская;3;07:46;07:46;1;высокая
32;Семёновская;3;07:49;07:57;10;средняя
33;Электрозаводская;11/3;07:59;07:59;3;средняя
34;Бауманская;3;07:59;07:59;2;высокая
35;Курская;3/5;08:02;08:02;1;высокая
36;Площадь Революции;3;08:05;08:05;2;высокая
37;Арбатская;3/4/4А;08:08;08:08;1;высокая
38;Смоленская;3/4/4А;08:10;08:10;2;высокая
39;Киевская;3/4/4А/5;08:12;08:12;3;высокая
40;Парк Победы;3/8А;08:16;08:16;2;высокая
41;Славянский бульвар;3;08:18;08:18;1;высокая
42;Кунцевская;11/3/4;08:20;08:23;7;высокая
43;Молодёжная;3;08:26;08:26;1;высокая
44;Крылатское;3;08:29;08:29;2;высокая
45;Строгино;3;08:36;08:36;2;высокая
46;Мякинино;3;08:40;08:40;2;высокая
47;Волоколамская;3;08:42;08:42;3;высокая
48;Митино;3;08:44;08:44;2;высокая
49;Пятницкое шоссе;3;08:47;08:49;3;высокая
50;Сходненская;7;09:16;09:16;2;высокая
51;Планерная;7;09:20;09:20;2;средняя
52;Тушинская;7;09:26;09:26;1;высокая
53;Спартак;7;09:28;09:28;3;высокая
54;Щукинская;7;09:30;09:30;1;высокая
55;Октябрьское Поле;7;09:34;09:34;2;высокая
56;Полежаевская;7;09:37;09:37;2;высокая
57;Беговая;7;09:39;09:39;2;высокая
58;Улица 1905 года;7;09:42;09:42;2;высокая
59;Баррикадная;7;09:44;09:44;1;высокая
60;Пушкинская;7;09:47;09:47;1;высокая
61;Кузнецкий Мост;7;09:49;09:49;1;высокая
62;Китай-город;6/7;09:50;09:50;1;высокая
63;Таганская;5/7;09:53;09:53;3;высокая
64;Пролетарская;7;09:56;09:56;2;высокая
65;Волгоградский проспект;7;09:58;09:58;2;высокая
66;Текстильщики;11/7;10:02;10:02;2;высокая
67;Кузьминки;7;10:05;10:05;2;высокая
68;Рязанский проспект;7;10:08;10:08;1;высокая
69;Выхино;7;10:11;10:11;3;высокая
70;Лермонтовский проспект;7;10:15;10:15;4;высокая
71;Жулебино;7;10:18;10:18;2;высокая
72;Котельники;7;10:21;10:21;2;высокая
73;Некрасовка;15;10:37;10:37;2;высокая
74;Лухмановская;15;10:42;10:42;1;высокая
75;Улица Дмитриевского;15;10:44;10:44;1;высокая
76;Косино;15;10:47;10:48;4;высокая
77;Юго-Восточная;15;10:53;10:54;2;высокая
78;Окская;15;10:57;10:57;1;высокая
79;Стахановская;15;11:00;11:00;3;высокая
80;Нижегородская;11/15/МЦК;11:02;11:07;9;высокая
81;Новокосино;8;12:01;12:11;7;высокая
82;Перово;8;12:21;12:21;2;высокая
83;Шоссе Энтузиастов;8/МЦК;12:24;12:44;16;высокая
84;Площадь Ильича;8;12:48;12:48;1;средняя
85;Марксистская;8;12:48;12:48;1;средняя
86;Третьяковская;6/8;12:51;12:51;2;средняя
87;Студенческая;4;13:09;13:18;5;высокая
88;Смоленская;3/4/4А;13:20;13:20;2;высокая
89;Киевская;3/4/4А/5;13:23;13:23;2;средняя
90;Деловой центр;17/4А/8А/МЦК;13:31;13:31;2;высокая
91;Москва-Сити;4А;13:32;13:36;5;высокая
92;Деловой центр;17/4А/8А/МЦК;13:49;13:49;3;высокая
93;Парк Победы;3/8А;13:53;13:53;1;высокая
94;Минская;8А;13:57;13:57;2;высокая
95;Ломоносовский проспект;8А;14:01;14:01;2;высокая
96;Раменки;8А;14:03;14:06;3;высокая
97;Озёрная;8А;14:09;14:09;2;высокая
98;Говорово;8А;14:12;14:12;2;высокая
99;Солнцево;8А;14:15;14:15;3;высокая
100;Боровское шоссе;8А;14:18;14:18;2;высокая
101;Новопеределкино;8А;14:20;14:20;2;высокая
102;Рассказовка;8А;14:23;14:23;2;высокая
103;Пыхтино;8А;14:26;14:29;15;средняя
104;Новопеределкино;8А;14:36;14:36;2;средняя
105;Мичуринский проспект;11/8А;15:13;15:16;7;высокая
106;Аминьевская;11;15:19;15:19;2;высокая
107;Давыдково;11;15:22;15:22;2;средняя
108;Кунцевская;11/3/4;15:25;15:29;4;средняя
109;Пионерская;4;15:32;15:33;2;высокая
110;Филёвский парк;4;15:34;15:34;2;высокая
111;Багратионовская;4;15:36;15:36;3;высокая
112;Фили;4;15:39;15:39;3;высокая
113;Кутузовская;4/МЦК;15:43;15:43;3;высокая
114;Студенческая;4;15:45;15:45;2;высокая
115;Киевская;3/4/4А/5;15:47;15:51;5;средняя
116;Краснопресненская;5;16:02;16:02;3;высокая
117;Белорусская;2/5;16:05;16:05;2;высокая
118;Новослободская;5;16:08;16:08;6;высокая
119;Проспект Мира;5/6;16:12;16:13;5;высокая
120;Комсомольская;1/5;16:17;16:26;14;высокая
121;Курская;3/5;16:30;16:30;2;средняя
122;Павелецкая;2/5;16:34;16:35;6;средняя
123;Добрынинская;5;16:38;16:38;2;средняя
124;Октябрьская;5/6;16:39;16:40;3;средняя
125;Шаболовская;6;16:43;16:43;2;высокая
126;Ленинский проспект;6;16:48;16:48;2;высокая
127;Площадь Гагарина;МЦК;16:51;16:51;2;высокая
128;Лужники;МЦК;16:55;16:55;2;высокая
129;Кутузовская;4/МЦК;16:58;16:58;2;высокая
130;Деловой центр;17/4А/8А/МЦК;17:00;17:03;11;средняя
131;Хорошёво;МЦК;17:06;17:06;4;средняя
132;Зорге;МЦК;17:08;17:08;2;средняя
133;Панфиловская;МЦК;17:11;17:11;2;высокая
134;Стрешнево;МЦК;17:13;17:14;3;высокая
135;Балтийская;МЦК;17:16;17:16;1;высокая
136;Коптево;МЦК;17:19;17:19;1;высокая
137;Лихоборы;МЦК;17:22;17:24;4;средняя
138;Окружная;10/МЦК;17:25;17:25;1;высокая
139;Владыкино;9/МЦК;17:28;17:30;3;средняя
140;Ботанический сад;6/МЦК;17:32;17:33;4;средняя
141;Ростокино;МЦК;17:35;17:35;1;средняя
142;Белокаменная;МЦК;17:38;17:38;4;высокая
143;Бульвар Рокоссовского;1/МЦК;17:41;17:43;4;высокая
144;Локомотив;МЦК;17:44;17:44;1;высокая
145;Измайлово;МЦК;17:46;17:47;2;высокая
146;Соколиная Гора;МЦК;17:50;17:50;1;высокая
147;Шоссе Энтузиастов;8/МЦК;17:52;17:52;2;высокая
148;Андроновка;МЦК;17:57;17:58;10;высокая
149;Нижегородская;11/15/МЦК;18:03;18:03;3;высокая
150;Новохохловская;МЦК;18:06;18:06;6;средняя
151;Угрешская;МЦК;18:08;18:08;3;высокая
152;Дубровка;10/МЦК;18:11;18:11;4;высокая
153;Автозаводская;2/МЦК;18:13;18:13;2;высокая
154;ЗИЛ;16/МЦК;18:16;18:16;3;высокая
155;Верхние Котлы;МЦК;18:18;18:21;10;средняя
156;Академическая;16/6;18:31;18:31;2;высокая
157;Профсоюзная;6;18:33;18:33;3;высокая
158;Новые Черёмушки;6;18:35;18:35;2;высокая
159;Калужская;6;18:37;18:39;7;высокая
160;Воронцовская;11;18:43;18:43;2;высокая
161;Зюзино;11;18:43;18:43;1;высокая
162;Каховская;11;18:45;18:46;3;высокая
163;Варшавская;11;18:48;18:48;2;высокая
164;Каширская;11/2;18:51;18:51;2;высокая
165;Кленовый бульвар;11;18:55;18:55;3;высокая
166;Нагатинский Затон;11;18:58;18:59;4;высокая
167;Печатники;10/11;19:01;19:01;3;высокая
168;Текстильщики;11/7;19:03;19:04;2;высокая
169;Нижегородская;11/15/МЦК;19:07;19:07;2;высокая
170;Авиамоторная;11/8;19:11;19:12;4;средняя
171;Лефортово;11;19:14;19:14;2;средняя
172;Электрозаводская;11/3;19:17;19:18;5;средняя
173;Сокольники;1/11;19:20;19:20;2;средняя
174;Рижская;11/6;19:24;19:24;2;средняя
175;Марьина Роща;10/11;19:26;19:26;5;средняя
176;Савёловская;11/9;19:29;19:29;7;средняя
177;Петровский парк;11;19:32;19:35;5;высокая
178;ЦСКА;11;19:38;19:38;3;высокая
179;Хорошёвская;11;19:41;19:41;3;высокая
180;Народное Ополчение;11/17;19:44;19:44;5;высокая
181;Мнёвники;11;19:47;19:47;4;высокая
182;Терехово;11;19:53;19:56;4;высокая
183;Кунцевская;11/3/4;19:58;19:58;4;высокая
184;Давыдково;11;20:01;20:07;13;высокая
185;Аминьевская;11;20:09;20:09;2;высокая
186;Мичуринский проспект;11/8А;20:11;20:11;2;высокая
187;Проспект Вернадского;1/11;20:14;20:14;2;высокая
188;Новаторская;11/16;20:16;20:19;12;высокая
189;Тёплый Стан;6;20:42;20:42;3;высокая
190;Ясенево;6;20:45;20:46;3;высокая
191;Новоясеневская;6;20:48;20:50;4;средняя
192;Битцевский парк;12;20:50;20:51;3;средняя
193;Лесопарковая;12;20:55;20:55;2;высокая
194;Улица Старокачаловская;12;20:59;20:59;2;высокая
195;Улица Скобелевская;12;21:04;21:04;2;высокая
196;Бульвар Адмирала Ушакова;12;21:06;21:06;2;высокая
197;Улица Горчакова;12;21:08;21:08;2;высокая
198;Бунинская аллея;12;21:11;21:13;5;высокая
199;Бульвар Дмитрия Донского;9;21:29;21:29;2;высокая
200;Аннино;9;21:33;21:33;2;высокая
201;Улица Академика Янгеля;9;21:35;21:35;2;высокая
202;Пражская;9;21:38;21:38;2;высокая
203;Южная;9;21:40;21:40;2;высокая
204;Чертановская;9;21:43;21:43;2;высокая
205;Севастопольская;9;21:45;21:45;4;средняя
206;Каширская;11/2;21:53;21:53;2;средняя
207;Кантемировская;2;21:57;21:57;3;высокая
208;Царицыно;2;22:00;22:00;2;высокая
209;Орехово;2;22:03;22:03;2;высокая
210;Домодедовская;2;22:07;22:07;2;высокая
211;Красногвардейская;2;22:10;22:10;2;высокая
212;Алма-Атинская;2;22:15;22:16;3;высокая
213;Зябликово;10;22:21;22:23;5;высокая
214;Шипиловская;10;22:26;22:26;1;высокая
215;Борисово;10;22:28;22:28;2;высокая
216;Марьино;10;22:31;22:31;4;высокая
217;Братиславская;10;22:33;22:33;2;высокая
218;Люблино;10;22:36;22:36;2;высокая
219;Волжская;10;22:39;22:39;2;высокая
220;Печатники;10/11;22:42;22:43;3;высокая
221;Кожуховская;10;22:46;22:46;2;высокая
222;Дубровка;10/МЦК;22:49;22:49;1;высокая
223;Крестьянская Застава;10;22:51;22:51;2;высокая
224;Римская;10;22:54;22:54;2;высокая
225;Чкаловская;10;22:56;22:57;3;высокая
226;Сретенский бульвар;10;22:59;22:59;4;высокая
227;Трубная;10;23:01;23:01;2;высокая
228;Достоевская;10;23:03;23:03;1;высокая
229;Марьина Роща;10/11;23:07;23:07;2;высокая
230;Бутырская;10;23:10;23:10;2;высокая
231;Фонвизинская;10;23:12;23:12;4;высокая
232;Петровско-Разумовская;10/9;23:15;23:15;1;высокая
233;Окружная;10/МЦК;23:17;23:17;1;высокая
234;Верхние Лихоборы;10;23:19;23:19;1;высокая
235;Селигерская;10;23:21;23:21;2;высокая
236;Яхромская;10;23:24;23:24;3;высокая
237;Лианозово;10;23:26;23:26;4;высокая
238;Физтех;10;23:30;23:32;5;высокая
239;Лианозово;10;23:37;23:37;2;высокая
240;Ховрино;2;00:11;00:11;2;высокая
241;Беломорская;2;00:18;00:18;2;высокая
242;Речной вокзал;2;00:21;00:21;2;высокая
243;Водный стадион;2;00:23;00:23;2;высокая
244;Войковская;2;00:28;00:28;2;высокая
245;Сокол;2;00:30;00:33;6;высокая
246;Аэропорт;2;00:35;00:35;2;высокая
247;Динамо;2;00:36;00:36;1;высокая
248;Белорусская;2/5;00:38;00:38;3;высокая
249;Маяковская;2;00:40;00:42;6;высокая
250;Тверская;2;00:44;00:45;2;высокая
251;Театральная;2;00:45;00:45;2;средняя
252;Новокузнецкая;2;00:47;00:47;3;средняя
253;Павелецкая;2/5;00:50;00:50;3;средняя
254;Автозаводская;2/МЦК;00:53;00:53;2;высокая
255;Технопарк;2;00:56;00:56;4;средняя
256;Коломенская;2;00:59;00:59;2;средняя
257;Каширская;11/2;01:04;01:04;2;средняя
258;Каховская;11;01:16;01:18;4;средняя
259;Севастопольская;9;01:20;01:20;2;средняя
260;Нахимовский проспект;9;01:22;01:22;1;средняя
261;Тульская;9;01:25;01:26;3;высокая
262;Серпуховская;9;01:29;01:29;2;высокая
263;Полянка;9;01:31;01:31;3;высокая
264;Боровицкая;9;01:33;01:33;2;высокая
265;Чеховская;9;01:35;01:36;4;высокая
266;Цветной бульвар;9;01:37;01:37;2;высокая
267;Менделеевская;9;01:40;01:40;4;высокая
268;Савёловская;11/9;01:42;01:42;2;высокая
269;Дмитровская;9;01:44;01:44;1;высокая
270;Тимирязевская;9;01:46;01:46;2;высокая
271;Петровско-Разумовская;10/9;01:48;01:48;3;высокая
272;Владыкино;9/МЦК;01:51;01:51;3;высокая
273;Отрадное;9;01:54;01:54;3;высокая
274;Бибирево;9;01:57;01:57;2;высокая
275;Алтуфьево;9;01:59;02:00;5;высокая
